{"store":{"id":28772794465,"plan":"basic","theme":"Backup Oct 31: SP | Live /w Site Upd...","primaryLocale":"en","adminMode":false,"headless":false,"storefrontRootDomain":"","checkoutRootDomain":"","storefrontAccessToken":""},"tsPublished":1724759726,"declaration":{"showPurpose":false,"showProvider":false,"declIntroText":"","showDateGenerated":true},"language":{"languageMode":"Single","fallbackLanguage":"en","languageDetection":"browser","languagesSupported":[]},"texts":{"managed":{"headerText":{"en":"We respect your privacy"},"consentText":{"en":"We use cookies to ensure you get the best experience on our website. Don't worry, we'll hoover up."},"dismissButtonText":{"en":"Ok"},"linkText":{"en":"Learn more"},"imprintText":{"en":"Imprint"},"preferencesButtonText":{"en":"Preferences"},"allowButtonText":{"en":"Accept"},"denyButtonText":{"en":"Decline"},"leaveSiteButtonText":{"en":"Leave this site"},"cookiePolicyText":{"en":"Cookie policy"},"preferencesPopupTitleText":{"en":"Manage consent preferences"},"preferencesPopupIntroText":{"en":"We use cookies to optimize website functionality, analyze the performance, and provide personalized experience to you. Some cookies are essential to make the website operate and function correctly. Those cookies cannot be disabled. In this window you can manage your preference of cookies."},"preferencesPopupCloseButtonText":{"en":"Close"},"preferencesPopupAcceptAllButtonText":{"en":"Accept all"},"preferencesPopupRejectAllButtonText":{"en":"Reject all"},"preferencesPopupSaveButtonText":{"en":"Save preferences"},"accessSectionTitleText":{"en":"Data portability"},"accessSectionParagraphText":{"en":"You have the right to request access to your data at any time."},"rectificationSectionTitleText":{"en":"Data Rectification"},"rectificationSectionParagraphText":{"en":"You have the right to request your data to be updated whenever you think it is appropriate."},"erasureSectionTitleText":{"en":"Right to be forgotten"},"erasureSectionParagraphText":{"en":"You have the right to ask all your data to be erased. After that, you will no longer be able to access your account."},"declIntroText":{"en":"We use cookies to optimize website functionality, analyze the performance, and provide personalized experience to you. Some cookies are essential to make the website operate and function correctly. Those cookies cannot be disabled. In this window you can manage your preference of cookies."}},"categories":{"strictlyNecessaryCookiesTitleText":{"en":"Strictly necessary cookies"},"functionalityCookiesTitleText":{"en":"Functional cookies"},"performanceCookiesTitleText":{"en":"Performance cookies"},"targetingCookiesTitleText":{"en":"Targeting cookies"},"unclassifiedCookiesTitleText":{"en":"Unclassified cookies"},"strictlyNecessaryCookiesDescriptionText":{"en":"These cookies are essential in order to enable you to move around the website and use its features, such as accessing secure areas of the website. The website cannot function properly without these cookies."},"functionalityCookiesDescriptionText":{"en":"These cookies enable the site to provide enhanced functionality and personalisation. They may be set by us or by third party providers whose services we have added to our pages. If you do not allow these cookies then some or all of these services may not function properly."},"performanceCookiesDescriptionText":{"en":"These cookies enable us to monitor and improve the performance of our website. For example, they allow us to count visits, identify traffic sources and see which parts of the site are most popular."},"targetingCookiesDescriptionText":{"en":"These cookies may be set through our site by our advertising partners. They may be used by those companies to build a profile of your interests and show you relevant adverts on other sites.    They do not store directly personal information, but are based on uniquely identifying your browser and internet device. If you do not allow these cookies, you will experience less targeted advertising."},"unclassifiedCookiesDescriptionText":{"en":"Unclassified cookies are cookies that we are in the process of classifying, together with the providers of individual cookies."}},"auto":{"declName":{"en":"Name"},"declPath":{"en":"Path"},"declType":{"en":"Type"},"declDomain":{"en":"Domain"},"declPurpose":{"en":"Purpose"},"declProvider":{"en":"Provider"},"declRetention":{"en":"Retention"},"declFirstParty":{"en":"First-party"},"declThirdParty":{"en":"Third-party"},"declSeconds":{"en":"seconds"},"declMinutes":{"en":"minutes"},"declHours":{"en":"hours"},"declDays":{"en":"days"},"declMonths":{"en":"months"},"declYears":{"en":"years"},"declSession":{"en":"Session"},"cookiesDetailsText":{"en":"Cookies details"},"preferencesPopupAlwaysAllowedText":{"en":"Always allowed"},"submitButton":{"en":"Submit"},"submittingButton":{"en":"Submitting..."},"cancelButton":{"en":"Cancel"},"guestsSupportInfoText":{"en":"Please login with your customer account to further proceed."},"guestsSupportEmailPlaceholder":{"en":"E-mail address"},"guestsSupportEmailValidationError":{"en":"Email is not valid"},"guestsSupportEmailSuccessTitle":{"en":"Thank you for your request"},"guestsSupportEmailFailureTitle":{"en":"A problem occurred"},"guestsSupportEmailSuccessMessage":{"en":"If you are registered as a customer of this store, you will soon receive an email with instructions on how to proceed."},"guestsSupportEmailFailureMessage":{"en":"Your request was not submitted. Please try again and if problem persists, contact store owner for assistance."},"confirmationSuccessTitle":{"en":"Your request is verified"},"confirmationFailureTitle":{"en":"A problem occurred"},"confirmationSuccessMessage":{"en":"We will soon get back to you as to your request."},"confirmationFailureMessage":{"en":"Your request was not verified. Please try again and if problem persists, contact store owner for assistance"},"consentSectionTitleText":{"en":"Your cookie consent"},"consentSectionNoConsentText":{"en":"You have not consented to the cookies policy of this website."},"consentSectionConsentedText":{"en":"You consented to the cookies policy of this website on"},"consentStatus":{"en":"Consent preference"},"consentDate":{"en":"Consent date"},"consentId":{"en":"Consent ID"},"consentSectionChangeConsentActionText":{"en":"Change consent preference"},"accessSectionGDPRRequestsActionText":{"en":"Data subject requests"},"accessSectionAccountInfoActionText":{"en":"Personal data"},"accessSectionOrdersRecordsActionText":{"en":"Orders"},"accessSectionDownloadReportActionText":{"en":"Request export"},"rectificationCommentPlaceholder":{"en":"Describe what you want to be updated"},"rectificationCommentValidationError":{"en":"Comment is required"},"rectificationSectionEditAccountActionText":{"en":"Request an update"},"erasureSectionRequestDeletionActionText":{"en":"Request personal data deletion"}}},"library":{"previewMode":false,"fadeInTimeout":0,"defaultBlocked":0,"showLink":true,"showImprintLink":false,"showGoogleLink":false,"enabled":true,"cookie":{"name":"_pandectes_gdpr","expiryDays":365,"secure":true,"domain":""},"dismissOnScroll":false,"dismissOnWindowClick":false,"dismissOnTimeout":false,"palette":{"popup":{"background":"#252E39","backgroundForCalculations":{"a":1,"b":57,"g":46,"r":37},"text":"#FFFFFF"},"button":{"background":"#14A7D0","backgroundForCalculations":{"a":1,"b":208,"g":167,"r":20},"text":"#FFFFFF","textForCalculation":{"a":1,"b":255,"g":255,"r":255},"border":"transparent"}},"content":{"href":"https://harrier-run-free-uk.myshopify.com/pages/privacy-and-cookies-policy","imprintHref":"/","close":"&#10005;","target":"","logo":""},"window":"<div role=\"dialog\" aria-live=\"polite\" aria-label=\"cookieconsent\" aria-describedby=\"cookieconsent:desc\" id=\"cookie-consent-dialogBox\" class=\"cc-window-wrapper cc-bottom-left-wrapper\"><div class=\"pd-cookie-banner-window cc-window {{classes}}\"><!--googleoff: all-->{{children}}<!--googleon: all--></div></div>","compliance":{"opt-both":"<div class=\"cc-compliance cc-highlight\">{{deny}}{{allow}}</div>"},"type":"opt-both","layouts":{"basic":"{{messagelink}}{{compliance}}{{close}}"},"position":"bottom-left","theme":"edgeless","revokable":false,"animateRevokable":true,"revokableReset":false,"revokableLogoUrl":"","revokablePlacement":"bottom-left","revokableMarginHorizontal":15,"revokableMarginVertical":15,"static":false,"autoAttach":true,"hasTransition":true,"blacklistPage":[""]},"geolocation":{"auOnly":false,"brOnly":false,"caOnly":false,"chOnly":false,"euOnly":true,"jpOnly":false,"nzOnly":false,"thOnly":false,"zaOnly":false,"canadaOnly":false,"globalVisibility":false},"dsr":{"guestsSupport":false,"accessSectionDownloadReportAuto":false},"banner":{"resetTs":1590843808,"extraCss":"        .cc-banner-logo {max-width: 24em!important;}    @media(min-width: 768px) {.cc-window.cc-floating{max-width: 24em!important;width: 24em!important;}}    .cc-message, .pd-cookie-banner-window .cc-header, .cc-logo {text-align: left}    .cc-window-wrapper{z-index: 2947480000;}    .cc-window{z-index: 2947480000;font-family: Helvetica,Calibri,Arial,sans-serif;}    .pd-cookie-banner-window .cc-header{font-family: Helvetica,Calibri,Arial,sans-serif;}    .pd-cp-ui{font-family: Helvetica,Calibri,Arial,sans-serif; background-color: #252E39;color:#FFFFFF;}    button.pd-cp-btn, a.pd-cp-btn{background-color:#14A7D0;color:#FFFFFF!important;}    input + .pd-cp-preferences-slider{background-color: rgba(255, 255, 255, 0.3)}    .pd-cp-scrolling-section::-webkit-scrollbar{background-color: rgba(255, 255, 255, 0.3)}    input:checked + .pd-cp-preferences-slider{background-color: rgba(255, 255, 255, 1)}    .pd-cp-scrolling-section::-webkit-scrollbar-thumb {background-color: rgba(255, 255, 255, 1)}    .pd-cp-ui-close{color:#FFFFFF;}    .pd-cp-preferences-slider:before{background-color: #252E39}    .pd-cp-title:before {border-color: #FFFFFF!important}    .pd-cp-preferences-slider{background-color:#FFFFFF}    .pd-cp-toggle{color:#FFFFFF!important}    @media(max-width:699px) {.pd-cp-ui-close-top svg {fill: #FFFFFF}}    .pd-cp-toggle:hover,.pd-cp-toggle:visited,.pd-cp-toggle:active{color:#FFFFFF!important}    .pd-cookie-banner-window {}  ","customJavascript":null,"showPoweredBy":false,"revokableTrigger":false,"hybridStrict":false,"cookiesBlockedByDefault":"0","isActive":true,"implicitSavePreferences":false,"cookieIcon":true,"blockBots":false,"showCookiesDetails":false,"hasTransition":true,"blockingPage":false,"showOnlyLandingPage":false,"leaveSiteUrl":"https://www.google.com","linkRespectStoreLang":false},"cookies":{"0":[{"name":"secure_customer_sig","type":"http","domain":"harrierrunfree.co.uk","path":"/","provider":"Shopify","firstParty":true,"retention":"1 year(s)","expires":1,"unit":"declYears","purpose":{"en":"Used in connection with customer login."}},{"name":"localization","type":"http","domain":"harrierrunfree.co.uk","path":"/","provider":"Shopify","firstParty":true,"retention":"1 year(s)","expires":1,"unit":"declYears","purpose":{"en":"Shopify store localization"}},{"name":"cart_currency","type":"http","domain":"harrierrunfree.co.uk","path":"/","provider":"Shopify","firstParty":true,"retention":"2 ","expires":2,"unit":"declSession","purpose":{"en":"The cookie is necessary for the secure checkout and payment function on the website. This function is provided by shopify.com."}},{"name":"_cmp_a","type":"http","domain":".harrierrunfree.co.uk","path":"/","provider":"Shopify","firstParty":true,"retention":"1 year(s)","expires":1,"unit":"declYears","purpose":{"en":"Used for managing customer privacy settings."}},{"name":"shopify_pay_redirect","type":"http","domain":"harrierrunfree.co.uk","path":"/","provider":"Shopify","firstParty":true,"retention":"1 hour(s)","expires":1,"unit":"declHours","purpose":{"en":"The cookie is necessary for the secure checkout and payment function on the website. This function is provided by shopify.com."}},{"name":"keep_alive","type":"http","domain":"harrierrunfree.co.uk","path":"/","provider":"Shopify","firstParty":true,"retention":"30 minute(s)","expires":30,"unit":"declMinutes","purpose":{"en":"Used in connection with buyer localization."}},{"name":"_pandectes_gdpr","type":"http","domain":".harrierrunfree.co.uk","path":"/","provider":"Pandectes","firstParty":true,"retention":"1 year(s)","expires":1,"unit":"declYears","purpose":{"en":"Used for the functionality of the cookies consent banner."}},{"name":"_tracking_consent","type":"http","domain":".harrierrunfree.co.uk","path":"/","provider":"Shopify","firstParty":true,"retention":"1 year(s)","expires":1,"unit":"declYears","purpose":{"en":"Tracking preferences."}},{"name":"wpm-test-cookie","type":"http","domain":"uk","path":"/","provider":"Shopify","firstParty":false,"retention":"Session","expires":1,"unit":"declSeconds","purpose":{"en":"Used to ensure our systems are working correctly."}},{"name":"wpm-test-cookie","type":"http","domain":"co.uk","path":"/","provider":"Shopify","firstParty":false,"retention":"Session","expires":1,"unit":"declSeconds","purpose":{"en":"Used to ensure our systems are working correctly."}},{"name":"wpm-test-cookie","type":"http","domain":"harrierrunfree.co.uk","path":"/","provider":"Shopify","firstParty":true,"retention":"Session","expires":1,"unit":"declSeconds","purpose":{"en":"Used to ensure our systems are working correctly."}},{"name":"_shopify_essential","type":"http","domain":"harrierrunfree.co.uk","path":"/","provider":"Shopify","firstParty":true,"retention":"1 year(s)","expires":1,"unit":"declYears","purpose":{"en":"Used on the accounts page."}}],"1":[{"name":"fsb_previous_pathname","type":"http","domain":"harrierrunfree.co.uk","path":"/","provider":"Hextom","firstParty":true,"retention":"Session","expires":-55,"unit":"declYears","purpose":{"en":"Used by Hextom apps"}},{"name":"_ks_scriptVersion","type":"http","domain":"harrierrunfree.co.uk","path":"/","provider":"KiwiSizing","firstParty":true,"retention":"1 year(s)","expires":1,"unit":"declYears","purpose":{"en":"Used by the Kiwi Size Chart Shopify plugin\t"}},{"name":"_ks_scriptVersionChecked","type":"http","domain":"harrierrunfree.co.uk","path":"/","provider":"KiwiSizing","firstParty":true,"retention":"1 day(s)","expires":1,"unit":"declDays","purpose":{"en":"Used by the Kiwi Size Chart Shopify plugin\t"}},{"name":"VISITOR_INFO1_LIVE","type":"http","domain":".youtube.com","path":"/","provider":"Google","firstParty":false,"retention":"6 month(s)","expires":6,"unit":"declMonths","purpose":{"en":"A cookie that YouTube sets that measures your bandwidth to determine whether you get the new player interface or the old."}}],"2":[{"name":"_shopify_y","type":"http","domain":".harrierrunfree.co.uk","path":"/","provider":"Shopify","firstParty":true,"retention":"1 year(s)","expires":1,"unit":"declYears","purpose":{"en":"Shopify analytics."}},{"name":"_orig_referrer","type":"http","domain":".harrierrunfree.co.uk","path":"/","provider":"Shopify","firstParty":true,"retention":"2 ","expires":2,"unit":"declSession","purpose":{"en":"Tracks landing pages."}},{"name":"_landing_page","type":"http","domain":".harrierrunfree.co.uk","path":"/","provider":"Shopify","firstParty":true,"retention":"2 ","expires":2,"unit":"declSession","purpose":{"en":"Tracks landing pages."}},{"name":"__cf_bm","type":"http","domain":".reviews.io","path":"/","provider":"CloudFlare","firstParty":false,"retention":"30 minute(s)","expires":30,"unit":"declMinutes","purpose":{"en":"Used to manage incoming traffic that matches criteria associated with bots."}},{"name":"__cf_bm","type":"http","domain":".afterpay.com","path":"/","provider":"CloudFlare","firstParty":false,"retention":"30 minute(s)","expires":30,"unit":"declMinutes","purpose":{"en":"Used to manage incoming traffic that matches criteria associated with bots."}},{"name":"_shopify_s","type":"http","domain":".harrierrunfree.co.uk","path":"/","provider":"Shopify","firstParty":true,"retention":"30 minute(s)","expires":30,"unit":"declMinutes","purpose":{"en":"Shopify analytics."}},{"name":"_shopify_sa_t","type":"http","domain":".harrierrunfree.co.uk","path":"/","provider":"Shopify","firstParty":true,"retention":"30 minute(s)","expires":30,"unit":"declMinutes","purpose":{"en":"Shopify analytics relating to marketing & referrals."}},{"name":"_shopify_sa_p","type":"http","domain":".harrierrunfree.co.uk","path":"/","provider":"Shopify","firstParty":true,"retention":"30 minute(s)","expires":30,"unit":"declMinutes","purpose":{"en":"Shopify analytics relating to marketing & referrals."}},{"name":"_gid","type":"http","domain":".harrierrunfree.co.uk","path":"/","provider":"Google","firstParty":true,"retention":"1 day(s)","expires":1,"unit":"declDays","purpose":{"en":"Cookie is placed by Google Analytics to count and track pageviews."}},{"name":"_gat","type":"http","domain":".harrierrunfree.co.uk","path":"/","provider":"Google","firstParty":true,"retention":"1 minute(s)","expires":1,"unit":"declMinutes","purpose":{"en":"Cookie is placed by Google Analytics to filter requests from bots."}},{"name":"_ga","type":"http","domain":".harrierrunfree.co.uk","path":"/","provider":"Google","firstParty":true,"retention":"1 year(s)","expires":1,"unit":"declYears","purpose":{"en":"Cookie is set by Google Analytics with unknown functionality"}},{"name":"_shopify_s","type":"http","domain":"uk","path":"/","provider":"Shopify","firstParty":false,"retention":"Session","expires":1,"unit":"declSeconds","purpose":{"en":"Shopify analytics."}},{"name":"_shopify_s","type":"http","domain":"co.uk","path":"/","provider":"Shopify","firstParty":false,"retention":"Session","expires":1,"unit":"declSeconds","purpose":{"en":"Shopify analytics."}},{"name":"__cf_bm","type":"http","domain":".reviews.co.uk","path":"/","provider":"CloudFlare","firstParty":false,"retention":"30 minute(s)","expires":30,"unit":"declMinutes","purpose":{"en":"Used to manage incoming traffic that matches criteria associated with bots."}},{"name":"_boomr_clss","type":"html_local","domain":"https://harrierrunfree.co.uk","path":"/","provider":"Shopify","firstParty":true,"retention":"Persistent","expires":1,"unit":"declYears","purpose":{"en":"Used to monitor and optimize the performance of Shopify stores."}},{"name":"_ga_Y8XP11ZWFX","type":"http","domain":".harrierrunfree.co.uk","path":"/","provider":"Google","firstParty":true,"retention":"1 year(s)","expires":1,"unit":"declYears","purpose":{"en":""}},{"name":"_ga_C30LC2HCN5","type":"http","domain":".harrierrunfree.co.uk","path":"/","provider":"Google","firstParty":true,"retention":"1 year(s)","expires":1,"unit":"declYears","purpose":{"en":""}}],"4":[{"name":"__kla_id","type":"http","domain":"harrierrunfree.co.uk","path":"/","provider":"Klaviyo","firstParty":true,"retention":"1 year(s)","expires":1,"unit":"declYears","purpose":{"en":"Tracks when someone clicks through a Klaviyo email to your website."}},{"name":"_fbp","type":"http","domain":".harrierrunfree.co.uk","path":"/","provider":"Facebook","firstParty":true,"retention":"3 month(s)","expires":3,"unit":"declMonths","purpose":{"en":"Cookie is placed by Facebook to track visits across websites."}},{"name":"YSC","type":"http","domain":".youtube.com","path":"/","provider":"Google","firstParty":false,"retention":"Session","expires":-55,"unit":"declYears","purpose":{"en":"Registers a unique ID to keep statistics of what videos from YouTube the user has seen."}},{"name":"lastExternalReferrerTime","type":"html_local","domain":"https://harrierrunfree.co.uk","path":"/","provider":"Facebook","firstParty":true,"retention":"Persistent","expires":1,"unit":"declYears","purpose":{"en":"Contains the timestamp of the last update of the lastExternalReferrer cookie."}},{"name":"lastExternalReferrer","type":"html_local","domain":"https://harrierrunfree.co.uk","path":"/","provider":"Facebook","firstParty":true,"retention":"Persistent","expires":1,"unit":"declYears","purpose":{"en":"Detects how the user reached the website by registering their last URL-address."}}],"8":[{"name":"ads/ga-audiences","type":"html_session","domain":"https://www.google.ie","path":"/","provider":"Unknown","firstParty":false,"retention":"Session","expires":1,"unit":"declYears","purpose":{"en":""}},{"name":"_cfuvid","type":"http","domain":".afterpay.com","path":"/","provider":"Unknown","firstParty":false,"retention":"Session","expires":-55,"unit":"declYears","purpose":{"en":""}},{"name":"__cflb","type":"http","domain":"api2.hcaptcha.com","path":"/","provider":"Unknown","firstParty":false,"retention":"30 minute(s)","expires":30,"unit":"declMinutes","purpose":{"en":""}},{"name":"VISITOR_PRIVACY_METADATA","type":"http","domain":".youtube.com","path":"/","provider":"Unknown","firstParty":false,"retention":"6 month(s)","expires":6,"unit":"declMonths","purpose":{"en":""}},{"name":"rbrCartItems","type":"html_local","domain":"https://harrierrunfree.co.uk","path":"/","provider":"Unknown","firstParty":true,"retention":"Persistent","expires":1,"unit":"declYears","purpose":{"en":""}},{"name":"rbrDiscountData","type":"html_local","domain":"https://harrierrunfree.co.uk","path":"/","provider":"Unknown","firstParty":true,"retention":"Persistent","expires":1,"unit":"declYears","purpose":{"en":""}},{"name":"tidio_state_uk5bizaxp9jdfcw61tin0nmserqjh4zr_cache","type":"html_local","domain":"https://harrierrunfree.co.uk","path":"/","provider":"Unknown","firstParty":true,"retention":"Persistent","expires":1,"unit":"declYears","purpose":{"en":""}},{"name":"tidio_state_uk5bizaxp9jdfcw61tin0nmserqjh4zr","type":"html_local","domain":"https://harrierrunfree.co.uk","path":"/","provider":"Unknown","firstParty":true,"retention":"Persistent","expires":1,"unit":"declYears","purpose":{"en":""}},{"name":"tidio_state_uk5bizaxp9jdfcw61tin0nmserqjh4zr_cartItemCount","type":"html_local","domain":"https://harrierrunfree.co.uk","path":"/","provider":"Unknown","firstParty":true,"retention":"Persistent","expires":1,"unit":"declYears","purpose":{"en":""}},{"name":"tidio_state_uk5bizaxp9jdfcw61tin0nmserqjh4zr_cartData","type":"html_local","domain":"https://harrierrunfree.co.uk","path":"/","provider":"Unknown","firstParty":true,"retention":"Persistent","expires":1,"unit":"declYears","purpose":{"en":""}},{"name":"klaviyoOnsite","type":"html_local","domain":"https://harrierrunfree.co.uk","path":"/","provider":"Unknown","firstParty":true,"retention":"Persistent","expires":1,"unit":"declYears","purpose":{"en":""}},{"name":"__klarna_sdk_version","type":"html_local","domain":"https://harrierrunfree.co.uk","path":"/","provider":"Unknown","firstParty":true,"retention":"Persistent","expires":1,"unit":"declYears","purpose":{"en":""}},{"name":"fsb_payload","type":"html_session","domain":"https://harrierrunfree.co.uk","path":"/","provider":"Unknown","firstParty":true,"retention":"Session","expires":1,"unit":"declYears","purpose":{"en":""}},{"name":"stamped_app_key","type":"html_local","domain":"https://harrierrunfree.co.uk","path":"/","provider":"Unknown","firstParty":true,"retention":"Persistent","expires":1,"unit":"declYears","purpose":{"en":""}},{"name":"modernizr","type":"html_local","domain":"https://harrierrunfree.co.uk","path":"/","provider":"Unknown","firstParty":true,"retention":"Persistent","expires":1,"unit":"declYears","purpose":{"en":""}},{"name":"__klarna_sdk_default-config","type":"html_session","domain":"https://harrierrunfree.co.uk","path":"/","provider":"Unknown","firstParty":true,"retention":"Session","expires":1,"unit":"declYears","purpose":{"en":""}},{"name":"klaviyoPagesVisitCount","type":"html_session","domain":"https://harrierrunfree.co.uk","path":"/","provider":"Unknown","firstParty":true,"retention":"Session","expires":1,"unit":"declYears","purpose":{"en":""}},{"name":"tidio_state_uk5bizaxp9jdfcw61tin0nmserqjh4zr_cartToken","type":"html_local","domain":"https://harrierrunfree.co.uk","path":"/","provider":"Unknown","firstParty":true,"retention":"Persistent","expires":1,"unit":"declYears","purpose":{"en":""}},{"name":"modernizr","type":"html_session","domain":"https://harrierrunfree.co.uk","path":"/","provider":"Unknown","firstParty":true,"retention":"Session","expires":1,"unit":"declYears","purpose":{"en":""}},{"name":"rc_session_token","type":"html_session","domain":"https://harrierrunfree.co.uk","path":"/","provider":"Unknown","firstParty":true,"retention":"Session","expires":1,"unit":"declYears","purpose":{"en":""}},{"name":"__storage_test__","type":"html_local","domain":"https://harrierrunfree.co.uk","path":"/","provider":"Unknown","firstParty":true,"retention":"Persistent","expires":1,"unit":"declYears","purpose":{"en":""}},{"name":"local-storage-test","type":"html_local","domain":"https://harrierrunfree.co.uk","path":"/","provider":"Unknown","firstParty":true,"retention":"Persistent","expires":1,"unit":"declYears","purpose":{"en":""}},{"name":"_kla_test","type":"html_local","domain":"https://harrierrunfree.co.uk","path":"/","provider":"Unknown","firstParty":true,"retention":"Persistent","expires":1,"unit":"declYears","purpose":{"en":""}},{"name":"session-storage-test","type":"html_session","domain":"https://harrierrunfree.co.uk","path":"/","provider":"Unknown","firstParty":true,"retention":"Session","expires":1,"unit":"declYears","purpose":{"en":""}},{"name":"test","type":"html_local","domain":"https://harrierrunfree.co.uk","path":"/","provider":"Unknown","firstParty":true,"retention":"Persistent","expires":1,"unit":"declYears","purpose":{"en":""}},{"name":"test","type":"html_session","domain":"https://harrierrunfree.co.uk","path":"/","provider":"Unknown","firstParty":true,"retention":"Session","expires":1,"unit":"declYears","purpose":{"en":""}},{"name":"ytidb::LAST_RESULT_ENTRY_KEY","type":"html_local","domain":"https://www.youtube.com","path":"/","provider":"Unknown","firstParty":false,"retention":"Persistent","expires":1,"unit":"declYears","purpose":{"en":""}},{"name":"bugsnag-anonymous-id","type":"html_local","domain":"https://pay.shopify.com","path":"/","provider":"Unknown","firstParty":false,"retention":"Persistent","expires":1,"unit":"declYears","purpose":{"en":""}},{"name":"yt-remote-connected-devices","type":"html_local","domain":"https://www.youtube.com","path":"/","provider":"Unknown","firstParty":false,"retention":"Persistent","expires":1,"unit":"declYears","purpose":{"en":""}},{"name":"iU5q-!O9@$","type":"html_session","domain":"https://www.youtube.com","path":"/","provider":"Unknown","firstParty":false,"retention":"Session","expires":1,"unit":"declYears","purpose":{"en":""}},{"name":"-47b5dc80-11512161","type":"html_session","domain":"https://www.youtube.com","path":"/","provider":"Unknown","firstParty":false,"retention":"Session","expires":1,"unit":"declYears","purpose":{"en":""}},{"name":"yt-remote-cast-installed","type":"html_session","domain":"https://www.youtube.com","path":"/","provider":"Unknown","firstParty":false,"retention":"Session","expires":1,"unit":"declYears","purpose":{"en":""}},{"name":"yt-remote-session-name","type":"html_session","domain":"https://www.youtube.com","path":"/","provider":"Unknown","firstParty":false,"retention":"Session","expires":1,"unit":"declYears","purpose":{"en":""}},{"name":"yt-remote-fast-check-period","type":"html_session","domain":"https://www.youtube.com","path":"/","provider":"Unknown","firstParty":false,"retention":"Session","expires":1,"unit":"declYears","purpose":{"en":""}},{"name":"__sak","type":"html_local","domain":"https://www.youtube.com","path":"/","provider":"Unknown","firstParty":false,"retention":"Persistent","expires":1,"unit":"declYears","purpose":{"en":""}},{"name":"yt-remote-session-app","type":"html_session","domain":"https://www.youtube.com","path":"/","provider":"Unknown","firstParty":false,"retention":"Session","expires":1,"unit":"declYears","purpose":{"en":""}},{"name":"yt-remote-device-id","type":"html_local","domain":"https://www.youtube.com","path":"/","provider":"Unknown","firstParty":false,"retention":"Persistent","expires":1,"unit":"declYears","purpose":{"en":""}},{"name":"__sak","type":"html_session","domain":"https://www.youtube.com","path":"/","provider":"Unknown","firstParty":false,"retention":"Session","expires":1,"unit":"declYears","purpose":{"en":""}},{"name":"5c0e9b0d-11512161","type":"html_session","domain":"https://www.youtube.com","path":"/","provider":"Unknown","firstParty":false,"retention":"Session","expires":1,"unit":"declYears","purpose":{"en":""}},{"name":"1d11cf88-11512161","type":"html_session","domain":"https://www.youtube.com","path":"/","provider":"Unknown","firstParty":false,"retention":"Session","expires":1,"unit":"declYears","purpose":{"en":""}}]},"blocker":{"isActive":false,"googleConsentMode":{"id":"","analyticsId":"","adwordsId":"","isActive":false,"adStorageCategory":4,"analyticsStorageCategory":2,"personalizationStorageCategory":1,"functionalityStorageCategory":1,"customEvent":false,"securityStorageCategory":0,"redactData":false,"urlPassthrough":false,"dataLayerProperty":"dataLayer","waitForUpdate":0,"useNativeChannel":false},"facebookPixel":{"id":"","isActive":false,"ldu":false},"microsoft":{"isActive":false,"uetTags":""},"rakuten":{"isActive":false,"cmp":false,"ccpa":false},"klaviyoIsActive":false,"gpcIsActive":false,"defaultBlocked":0,"patterns":{"whiteList":[],"blackList":{"1":[],"2":[],"4":[],"8":[]},"iframesWhiteList":[],"iframesBlackList":{"1":[],"2":[],"4":[],"8":[]},"beaconsWhiteList":[],"beaconsBlackList":{"1":[],"2":[],"4":[],"8":[]}}}}